region,total_revenue,total_orders,total_qty,leasing_cost,marketing_cost,operation_cost,total_expense,net_profit,profit_margin_pct
Bangkok,152710.09,193,566,150000,80000,100000,330000,-177289.91,-116.1
Central,166591.975,212,621,50000,30000,40000,120000,46591.975000000006,27.97
East,167411.1,214,667,42000,26000,36000,104000,63411.100000000006,37.88
North,132989.49,173,539,40000,25000,35000,100000,32989.48999999999,24.81
South,160342.42,208,607,45000,28000,38000,111000,49342.42000000001,30.77
